<?xml version="1.0" encoding="UTF-8"?>
<GenRun Id="impl_1" LaunchPart="xc7a200tfbg676-2" LaunchTime="1741398320">
  <File Type="ROUTE-PWR" Name="alu_display_power_routed.rpt"/>
  <File Type="PA-TCL" Name="alu_display.tcl"/>
  <File Type="ROUTE-PWR-SUM" Name="alu_display_power_summary_routed.pb"/>
  <File Type="REPORTS-TCL" Name="alu_display_reports.tcl"/>
  <File Type="BITSTR-MSK" Name="alu_display.msk"/>
  <File Type="ROUTE-CLK" Name="alu_display_clock_utilization_routed.rpt"/>
  <File Type="RDI-RDI" Name="alu_display.vdi"/>
  <File Type="POSTROUTE-PHYSOPT-BUS-SKEW-PB" Name="alu_display_bus_skew_postroute_physopted.pb"/>
  <File Type="BG-BIT" Name="alu_display.bit"/>
  <File Type="BG-DRC" Name="alu_display.drc"/>
  <File Type="BG-BGN" Name="alu_display.bgn"/>
  <File Type="BG-BIN" Name="alu_display.bin"/>
  <File Type="BITSTR-RBT" Name="alu_display.rbt"/>
  <File Type="BITSTR-NKY" Name="alu_display.nky"/>
  <File Type="BITSTR-BMM" Name="alu_display_bd.bmm"/>
  <File Type="BITSTR-MMI" Name="alu_display.mmi"/>
  <File Type="ROUTE-METHODOLOGY-DRC" Name="alu_display_methodology_drc_routed.rpt"/>
  <File Type="BITSTR-SYSDEF" Name="alu_display.sysdef"/>
  <File Type="ROUTE-METHODOLOGY-DRC-PB" Name="alu_display_methodology_drc_routed.pb"/>
  <File Type="BITSTR-LTX" Name="debug_nets.ltx"/>
  <File Type="BITSTR-LTX" Name="alu_display.ltx"/>
  <File Type="BOOT-PDI-FILE" Name="alu_display_boot.pdi"/>
  <File Type="WBT-USG" Name="usage_statistics_webtalk.html"/>
  <File Type="NPI_FILE" Name="alu_display.npi"/>
  <File Type="OPT-DRC" Name="alu_display_drc_opted.rpt"/>
  <File Type="RBD_FILE" Name="alu_display.rbd"/>
  <File Type="OPT-HWDEF" Name="alu_display.hwdef"/>
  <File Type="PLACE-IO" Name="alu_display_io_placed.rpt"/>
  <File Type="PLACE-UTIL" Name="alu_display_utilization_placed.rpt"/>
  <File Type="PLACE-UTIL-PB" Name="alu_display_utilization_placed.pb"/>
  <File Type="PLACE-CTRL" Name="alu_display_control_sets_placed.rpt"/>
  <File Type="PLACE-PRE-SIMILARITY" Name="alu_display_incremental_reuse_pre_placed.rpt"/>
  <File Type="ROUTE-DRC" Name="alu_display_drc_routed.rpt"/>
  <File Type="ROUTE-DRC-PB" Name="alu_display_drc_routed.pb"/>
  <File Type="ROUTE-PWR-RPX" Name="alu_display_power_routed.rpx"/>
  <File Type="ROUTE-STATUS" Name="alu_display_route_status.rpt"/>
  <File Type="ROUTE-STATUS-PB" Name="alu_display_route_status.pb"/>
  <File Type="ROUTE-DCP" Name="alu_display_routed.dcp"/>
  <File Type="ROUTE-ERROR-DCP" Name="alu_display_routed_error.dcp"/>
  <File Type="ROUTE-BLACKBOX-DCP" Name="alu_display_routed_bb.dcp"/>
  <File Type="ROUTE-TIMINGSUMMARY" Name="alu_display_timing_summary_routed.rpt"/>
  <File Type="ROUTE-TIMING-PB" Name="alu_display_timing_summary_routed.pb"/>
  <File Type="ROUTE-TIMING-RPX" Name="alu_display_timing_summary_routed.rpx"/>
  <File Type="ROUTE-SIMILARITY" Name="alu_display_incremental_reuse_routed.rpt"/>
  <File Type="ROUTE-BUS-SKEW" Name="alu_display_bus_skew_routed.rpt"/>
  <File Type="ROUTE-BUS-SKEW-PB" Name="alu_display_bus_skew_routed.pb"/>
  <File Type="ROUTE-BUS-SKEW-RPX" Name="alu_display_bus_skew_routed.rpx"/>
  <File Type="OPT-DCP" Name="alu_display_opt.dcp"/>
  <File Type="PLACE-DCP" Name="alu_display_placed.dcp"/>
  <File Type="PWROPT-DCP" Name="alu_display_pwropt.dcp"/>
  <File Type="POSTPLACE-PWROPT-DCP" Name="alu_display_postplace_pwropt.dcp"/>
  <File Type="PHYSOPT-DCP" Name="alu_display_physopt.dcp"/>
  <File Type="POSTROUTE-PHYSOPT-DCP" Name="alu_display_postroute_physopt.dcp"/>
  <File Type="POSTROUTE-PHYSOPT-BLACKBOX-DCP" Name="alu_display_postroute_physopt_bb.dcp"/>
  <File Type="POSTROUTE-PHYSOPT-TIMING" Name="alu_display_timing_summary_postroute_physopted.rpt"/>
  <File Type="POSTROUTE-PHYSOPT-TIMING-PB" Name="alu_display_timing_summary_postroute_physopted.pb"/>
  <File Type="POSTROUTE-PHYSOPT-TIMING-RPX" Name="alu_display_timing_summary_postroute_physopted.rpx"/>
  <File Type="POSTROUTE-PHYSOPT-BUS-SKEW" Name="alu_display_bus_skew_postroute_physopted.rpt"/>
  <File Type="POSTROUTE-PHYSOPT-BUS-SKEW-RPX" Name="alu_display_bus_skew_postroute_physopted.rpx"/>
  <File Type="ROUTE-DRC-RPX" Name="alu_display_drc_routed.rpx"/>
  <File Type="ROUTE-METHODOLOGY-DRC-RPX" Name="alu_display_methodology_drc_routed.rpx"/>
  <File Type="PDI-FILE" Name="alu_display.pdi"/>
  <File Type="PL-PDI-FILE" Name="alu_display_pld.pdi"/>
  <File Type="RCFI_FILE" Name="alu_display.rcfi"/>
  <File Type="CFI_FILE" Name="alu_display.cfi"/>
  <File Type="RNPI_FILE" Name="alu_display.rnpi"/>
  <File Type="ROUTE-RQS" Name="alu_display_routed.rqs"/>
  <File Type="POSTROUTE-PHYSOPT-RQS" Name="alu_display_postroute_physopted.rqs"/>
  <File Type="ROUTE-RQS-RPT" Name="route_report_qor_suggestions_0.rpt"/>
  <File Type="POSTROUTE-PHYSOPT-RQS-RPT" Name="postroute_physopt_report_qor_suggestions_0.rpt"/>
  <FileSet Name="sources" Type="DesignSrcs" RelSrcDir="$PSRCDIR/sources_1" RelGenDir="$PGENDIR/sources_1">
    <Filter Type="Srcs"/>
    <File Path="$PSRCDIR/sources_1/imports/code/lcd_module.dcp">
      <FileInfo>
        <Attr Name="ImportPath" Val="$PPRDIR/../../../../../code/lcd_module.dcp"/>
        <Attr Name="ImportTime" Val="1625895454"/>
        <Attr Name="UsedIn" Val="synthesis"/>
        <Attr Name="UsedIn" Val="implementation"/>
      </FileInfo>
    </File>
    <File Path="$PSRCDIR/sources_1/imports/code/4_alu/adder.v">
      <FileInfo>
        <Attr Name="ImportPath" Val="$PPRDIR/../../../../../code/4_alu/adder.v"/>
        <Attr Name="ImportTime" Val="1741849727"/>
        <Attr Name="UsedIn" Val="synthesis"/>
        <Attr Name="UsedIn" Val="implementation"/>
        <Attr Name="UsedIn" Val="simulation"/>
      </FileInfo>
    </File>
    <File Path="$PSRCDIR/sources_1/imports/code/4_alu/alu.v">
      <FileInfo>
        <Attr Name="ImportPath" Val="$PPRDIR/../../../../../code/4_alu/alu.v"/>
        <Attr Name="ImportTime" Val="1741848930"/>
        <Attr Name="UsedIn" Val="synthesis"/>
        <Attr Name="UsedIn" Val="implementation"/>
        <Attr Name="UsedIn" Val="simulation"/>
      </FileInfo>
    </File>
    <File Path="$PSRCDIR/sources_1/imports/code/4_alu/alu_display.v">
      <FileInfo>
        <Attr Name="ImportPath" Val="$PPRDIR/../../../../../code/4_alu/alu_display.v"/>
        <Attr Name="ImportTime" Val="1741398257"/>
        <Attr Name="UsedIn" Val="synthesis"/>
        <Attr Name="UsedIn" Val="implementation"/>
        <Attr Name="UsedIn" Val="simulation"/>
      </FileInfo>
    </File>
    <Config>
      <Option Name="DesignMode" Val="RTL"/>
      <Option Name="TopModule" Val="alu_display"/>
      <Option Name="TopAutoSet" Val="TRUE"/>
    </Config>
  </FileSet>
  <FileSet Name="constrs_in" Type="Constrs" RelSrcDir="$PSRCDIR/constrs_1" RelGenDir="$PGENDIR/constrs_1">
    <Filter Type="Constrs"/>
    <File Path="$PSRCDIR/constrs_1/imports/4_alu/alu.xdc">
      <FileInfo>
        <Attr Name="ImportPath" Val="$PPRDIR/../../../../../code/4_alu/alu.xdc"/>
        <Attr Name="ImportTime" Val="1625897773"/>
        <Attr Name="UsedIn" Val="synthesis"/>
        <Attr Name="UsedIn" Val="implementation"/>
      </FileInfo>
    </File>
    <Config>
      <Option Name="ConstrsType" Val="XDC"/>
    </Config>
  </FileSet>
  <FileSet Name="utils" Type="Utils" RelSrcDir="$PSRCDIR/utils_1" RelGenDir="$PGENDIR/utils_1">
    <Filter Type="Utils"/>
    <Config>
      <Option Name="TopAutoSet" Val="TRUE"/>
    </Config>
  </FileSet>
  <Strategy Version="1" Minor="2">
    <StratHandle Name="Vivado Implementation Defaults" Flow="Vivado Implementation 2018"/>
    <Step Id="init_design"/>
    <Step Id="opt_design"/>
    <Step Id="power_opt_design"/>
    <Step Id="place_design"/>
    <Step Id="post_place_power_opt_design"/>
    <Step Id="phys_opt_design"/>
    <Step Id="route_design"/>
    <Step Id="post_route_phys_opt_design"/>
    <Step Id="write_bitstream"/>
    <Step Id="write_device_image"/>
  </Strategy>
</GenRun>
